event_id,event,start_date,end_date,year,rank,fname,lname,country,tomoa_skip
1060,"IFSC Climbing Worldcup (L,S) - Xiamen (CHN) 2018",2018-10-27,2018-10-28,2018,1,bassa,mawem,FRA,NA
1060,"IFSC Climbing Worldcup (L,S) - Xiamen (CHN) 2018",2018-10-27,2018-10-28,2018,2,aspar,aspar,INA,NA
1060,"IFSC Climbing Worldcup (L,S) - Xiamen (CHN) 2018",2018-10-27,2018-10-28,2018,3,reza,alipour shenazandifard,IRI,NA
1060,"IFSC Climbing Worldcup (L,S) - Xiamen (CHN) 2018",2018-10-27,2018-10-28,2018,4,dmitrii,timofeev,RUS,NA
1060,"IFSC Climbing Worldcup (L,S) - Xiamen (CHN) 2018",2018-10-27,2018-10-28,2018,5,vladislav,deulin,RUS,NA
1060,"IFSC Climbing Worldcup (L,S) - Xiamen (CHN) 2018",2018-10-27,2018-10-28,2018,6,qixin,zhong,CHN,NA
1060,"IFSC Climbing Worldcup (L,S) - Xiamen (CHN) 2018",2018-10-27,2018-10-28,2018,7,jinxin,li,CHN,NA
1060,"IFSC Climbing Worldcup (L,S) - Xiamen (CHN) 2018",2018-10-27,2018-10-28,2018,8,alfian,muhammad fajri,INA,NA
1060,"IFSC Climbing Worldcup (L,S) - Xiamen (CHN) 2018",2018-10-27,2018-10-28,2018,9,sabri,sabri,INA,NA
1060,"IFSC Climbing Worldcup (L,S) - Xiamen (CHN) 2018",2018-10-27,2018-10-28,2018,10,veddriq,leonardo,INA,NA
1060,"IFSC Climbing Worldcup (L,S) - Xiamen (CHN) 2018",2018-10-27,2018-10-28,2018,11,gian luca,zodda,ITA,NA
1060,"IFSC Climbing Worldcup (L,S) - Xiamen (CHN) 2018",2018-10-27,2018-10-28,2018,12,guillaume,moro,FRA,NA
1060,"IFSC Climbing Worldcup (L,S) - Xiamen (CHN) 2018",2018-10-27,2018-10-28,2018,13,aleksandr,shilov,RUS,NA
1060,"IFSC Climbing Worldcup (L,S) - Xiamen (CHN) 2018",2018-10-27,2018-10-28,2018,14,danyil,boldyrev,UKR,NA
1060,"IFSC Climbing Worldcup (L,S) - Xiamen (CHN) 2018",2018-10-27,2018-10-28,2018,15,ludovico,fossali,ITA,NA
1060,"IFSC Climbing Worldcup (L,S) - Xiamen (CHN) 2018",2018-10-27,2018-10-28,2018,16,penghui,lin,CHN,NA
1059,"IFSC Climbing Worldcup (L,S) - Wujiang (CHN) 2018",2018-10-20,2018-10-21,2018,1,aspar,aspar,INA,NA
1059,"IFSC Climbing Worldcup (L,S) - Wujiang (CHN) 2018",2018-10-20,2018-10-21,2018,2,ludovico,fossali,ITA,NA
1059,"IFSC Climbing Worldcup (L,S) - Wujiang (CHN) 2018",2018-10-20,2018-10-21,2018,3,reza,alipour shenazandifard,IRI,NA
1059,"IFSC Climbing Worldcup (L,S) - Wujiang (CHN) 2018",2018-10-20,2018-10-21,2018,4,aleksandr,shilov,RUS,NA
1059,"IFSC Climbing Worldcup (L,S) - Wujiang (CHN) 2018",2018-10-20,2018-10-21,2018,5,sergei,rukin,RUS,NA
1059,"IFSC Climbing Worldcup (L,S) - Wujiang (CHN) 2018",2018-10-20,2018-10-21,2018,6,jinxin,li,CHN,NA
1059,"IFSC Climbing Worldcup (L,S) - Wujiang (CHN) 2018",2018-10-20,2018-10-21,2018,7,dmitrii,timofeev,RUS,NA
1059,"IFSC Climbing Worldcup (L,S) - Wujiang (CHN) 2018",2018-10-20,2018-10-21,2018,8,danyil,boldyrev,UKR,NA
1059,"IFSC Climbing Worldcup (L,S) - Wujiang (CHN) 2018",2018-10-20,2018-10-21,2018,9,bassa,mawem,FRA,NA
1059,"IFSC Climbing Worldcup (L,S) - Wujiang (CHN) 2018",2018-10-20,2018-10-21,2018,10,alfian,muhammad fajri,INA,NA
1059,"IFSC Climbing Worldcup (L,S) - Wujiang (CHN) 2018",2018-10-20,2018-10-21,2018,11,kostiantyn,pavlenko,UKR,NA
1059,"IFSC Climbing Worldcup (L,S) - Wujiang (CHN) 2018",2018-10-20,2018-10-21,2018,12,pangeran,septo wibowo siburian,INA,NA
1059,"IFSC Climbing Worldcup (L,S) - Wujiang (CHN) 2018",2018-10-20,2018-10-21,2018,13,vladislav,deulin,RUS,NA
1059,"IFSC Climbing Worldcup (L,S) - Wujiang (CHN) 2018",2018-10-20,2018-10-21,2018,14,gian luca,zodda,ITA,NA
1059,"IFSC Climbing Worldcup (L,S) - Wujiang (CHN) 2018",2018-10-20,2018-10-21,2018,15,veddriq,leonardo,INA,NA
1059,"IFSC Climbing Worldcup (L,S) - Wujiang (CHN) 2018",2018-10-20,2018-10-21,2018,16,aleksandr,shikov,RUS,NA
1061,IFSC Climbing World Championships - Innsbruck (AUT) 2018,2018-09-06,2018-09-16,2018,1,reza,alipour shenazandifard,IRI,NA
1061,IFSC Climbing World Championships - Innsbruck (AUT) 2018,2018-09-06,2018-09-16,2018,2,bassa,mawem,FRA,NA
1061,IFSC Climbing World Championships - Innsbruck (AUT) 2018,2018-09-06,2018-09-16,2018,3,stanislav,kokorin,RUS,NA
1061,IFSC Climbing World Championships - Innsbruck (AUT) 2018,2018-09-06,2018-09-16,2018,4,qixin,zhong,CHN,NA
1061,IFSC Climbing World Championships - Innsbruck (AUT) 2018,2018-09-06,2018-09-16,2018,5,vladislav,deulin,RUS,NA
1061,IFSC Climbing World Championships - Innsbruck (AUT) 2018,2018-09-06,2018-09-16,2018,6,kostiantyn,pavlenko,UKR,NA
1061,IFSC Climbing World Championships - Innsbruck (AUT) 2018,2018-09-06,2018-09-16,2018,7,aleksandr,shikov,RUS,NA
1061,IFSC Climbing World Championships - Innsbruck (AUT) 2018,2018-09-06,2018-09-16,2018,8,jan,kriz,CZE,NA
1061,IFSC Climbing World Championships - Innsbruck (AUT) 2018,2018-09-06,2018-09-16,2018,9,penghui,lin,CHN,NA
1061,IFSC Climbing World Championships - Innsbruck (AUT) 2018,2018-09-06,2018-09-16,2018,10,marcin,dzienski,POL,NA
1061,IFSC Climbing World Championships - Innsbruck (AUT) 2018,2018-09-06,2018-09-16,2018,11,aleksandr,shilov,RUS,NA
1061,IFSC Climbing World Championships - Innsbruck (AUT) 2018,2018-09-06,2018-09-16,2018,12,jordan,fishman,USA,NA
1061,IFSC Climbing World Championships - Innsbruck (AUT) 2018,2018-09-06,2018-09-16,2018,13,dmitrii,timofeev,RUS,NA
1061,IFSC Climbing World Championships - Innsbruck (AUT) 2018,2018-09-06,2018-09-16,2018,14,ludovico,fossali,ITA,NA
1061,IFSC Climbing World Championships - Innsbruck (AUT) 2018,2018-09-06,2018-09-16,2018,15,leonardo,gontero,ITA,NA
1061,IFSC Climbing World Championships - Innsbruck (AUT) 2018,2018-09-06,2018-09-16,2018,16,amir,maimuratov,KAZ,NA
1056,"IFSC Climbing Worldcup (L,S) - Arco (ITA) 2018",2018-07-27,2018-07-28,2018,1,danyil,boldyrev,UKR,NA
1056,"IFSC Climbing Worldcup (L,S) - Arco (ITA) 2018",2018-07-27,2018-07-28,2018,2,aleksandr,shilov,RUS,NA
1056,"IFSC Climbing Worldcup (L,S) - Arco (ITA) 2018",2018-07-27,2018-07-28,2018,3,reza,alipour shenazandifard,IRI,NA
1056,"IFSC Climbing Worldcup (L,S) - Arco (ITA) 2018",2018-07-27,2018-07-28,2018,4,dmitrii,timofeev,RUS,NA
1056,"IFSC Climbing Worldcup (L,S) - Arco (ITA) 2018",2018-07-27,2018-07-28,2018,5,vladislav,deulin,RUS,NA
1056,"IFSC Climbing Worldcup (L,S) - Arco (ITA) 2018",2018-07-27,2018-07-28,2018,6,marcin,dzienski,POL,NA
1056,"IFSC Climbing Worldcup (L,S) - Arco (ITA) 2018",2018-07-27,2018-07-28,2018,7,jan,kriz,CZE,NA
1056,"IFSC Climbing Worldcup (L,S) - Arco (ITA) 2018",2018-07-27,2018-07-28,2018,8,bassa,mawem,FRA,NA
1056,"IFSC Climbing Worldcup (L,S) - Arco (ITA) 2018",2018-07-27,2018-07-28,2018,9,aleksandr,shikov,RUS,NA
1056,"IFSC Climbing Worldcup (L,S) - Arco (ITA) 2018",2018-07-27,2018-07-28,2018,10,stanislav,kokorin,RUS,NA
1056,"IFSC Climbing Worldcup (L,S) - Arco (ITA) 2018",2018-07-27,2018-07-28,2018,11,kostiantyn,pavlenko,UKR,NA
1056,"IFSC Climbing Worldcup (L,S) - Arco (ITA) 2018",2018-07-27,2018-07-28,2018,12,leonardo,gontero,ITA,NA
1056,"IFSC Climbing Worldcup (L,S) - Arco (ITA) 2018",2018-07-27,2018-07-28,2018,13,john,brosler,USA,NA
1056,"IFSC Climbing Worldcup (L,S) - Arco (ITA) 2018",2018-07-27,2018-07-28,2018,14,lev,rudatskiy,RUS,NA
1056,"IFSC Climbing Worldcup (L,S) - Arco (ITA) 2018",2018-07-27,2018-07-28,2018,15,ludovico,fossali,ITA,NA
1056,"IFSC Climbing Worldcup (L,S) - Arco (ITA) 2018",2018-07-27,2018-07-28,2018,16,alessandro,santoni,ITA,NA
1054,"IFSC Climbing Worldcup (L,S) - Chamonix (FRA) 2018",2018-07-11,2018-07-13,2018,1,danyil,boldyrev,UKR,NA
1054,"IFSC Climbing Worldcup (L,S) - Chamonix (FRA) 2018",2018-07-11,2018-07-13,2018,2,dmitrii,timofeev,RUS,NA
1054,"IFSC Climbing Worldcup (L,S) - Chamonix (FRA) 2018",2018-07-11,2018-07-13,2018,3,bassa,mawem,FRA,NA
1054,"IFSC Climbing Worldcup (L,S) - Chamonix (FRA) 2018",2018-07-11,2018-07-13,2018,4,qixin,zhong,CHN,NA
1054,"IFSC Climbing Worldcup (L,S) - Chamonix (FRA) 2018",2018-07-11,2018-07-13,2018,5,aleksandr,shilov,RUS,NA
1054,"IFSC Climbing Worldcup (L,S) - Chamonix (FRA) 2018",2018-07-11,2018-07-13,2018,6,ludovico,fossali,ITA,NA
1054,"IFSC Climbing Worldcup (L,S) - Chamonix (FRA) 2018",2018-07-11,2018-07-13,2018,7,gian luca,zodda,ITA,NA
1054,"IFSC Climbing Worldcup (L,S) - Chamonix (FRA) 2018",2018-07-11,2018-07-13,2018,8,marcin,dzienski,POL,NA
1054,"IFSC Climbing Worldcup (L,S) - Chamonix (FRA) 2018",2018-07-11,2018-07-13,2018,9,reza,alipour shenazandifard,IRI,NA
1054,"IFSC Climbing Worldcup (L,S) - Chamonix (FRA) 2018",2018-07-11,2018-07-13,2018,10,jinxin,li,CHN,NA
1054,"IFSC Climbing Worldcup (L,S) - Chamonix (FRA) 2018",2018-07-11,2018-07-13,2018,11,guillaume,moro,FRA,NA
1054,"IFSC Climbing Worldcup (L,S) - Chamonix (FRA) 2018",2018-07-11,2018-07-13,2018,12,amir,maimuratov,KAZ,NA
1054,"IFSC Climbing Worldcup (L,S) - Chamonix (FRA) 2018",2018-07-11,2018-07-13,2018,13,stanislav,kokorin,RUS,NA
1054,"IFSC Climbing Worldcup (L,S) - Chamonix (FRA) 2018",2018-07-11,2018-07-13,2018,14,aleksandr,shikov,RUS,NA
1054,"IFSC Climbing Worldcup (L,S) - Chamonix (FRA) 2018",2018-07-11,2018-07-13,2018,15,jan,kriz,CZE,NA
1054,"IFSC Climbing Worldcup (L,S) - Chamonix (FRA) 2018",2018-07-11,2018-07-13,2018,16,leonardo,gontero,ITA,NA
1053,"IFSC Climbing Worldcup (L,S) - Villars (SUI) 2018",2018-07-06,2018-07-07,2018,1,aleksandr,shikov,RUS,NA
1053,"IFSC Climbing Worldcup (L,S) - Villars (SUI) 2018",2018-07-06,2018-07-07,2018,2,aleksandr,shilov,RUS,NA
1053,"IFSC Climbing Worldcup (L,S) - Villars (SUI) 2018",2018-07-06,2018-07-07,2018,3,danyil,boldyrev,UKR,NA
1053,"IFSC Climbing Worldcup (L,S) - Villars (SUI) 2018",2018-07-06,2018-07-07,2018,4,bassa,mawem,FRA,NA
1053,"IFSC Climbing Worldcup (L,S) - Villars (SUI) 2018",2018-07-06,2018-07-07,2018,5,kostiantyn,pavlenko,UKR,NA
1053,"IFSC Climbing Worldcup (L,S) - Villars (SUI) 2018",2018-07-06,2018-07-07,2018,6,jinxin,li,CHN,NA
1053,"IFSC Climbing Worldcup (L,S) - Villars (SUI) 2018",2018-07-06,2018-07-07,2018,7,guillaume,moro,FRA,NA
1053,"IFSC Climbing Worldcup (L,S) - Villars (SUI) 2018",2018-07-06,2018-07-07,2018,8,reza,alipour shenazandifard,IRI,NA
1053,"IFSC Climbing Worldcup (L,S) - Villars (SUI) 2018",2018-07-06,2018-07-07,2018,9,michael,finn-henry,USA,NA
1053,"IFSC Climbing Worldcup (L,S) - Villars (SUI) 2018",2018-07-06,2018-07-07,2018,10,penghui,lin,CHN,NA
1053,"IFSC Climbing Worldcup (L,S) - Villars (SUI) 2018",2018-07-06,2018-07-07,2018,11,dmitrii,timofeev,RUS,NA
1053,"IFSC Climbing Worldcup (L,S) - Villars (SUI) 2018",2018-07-06,2018-07-07,2018,12,stanislav,kokorin,RUS,NA
1053,"IFSC Climbing Worldcup (L,S) - Villars (SUI) 2018",2018-07-06,2018-07-07,2018,13,marcin,dzienski,POL,NA
1053,"IFSC Climbing Worldcup (L,S) - Villars (SUI) 2018",2018-07-06,2018-07-07,2018,14,alessandro,santoni,ITA,NA
1053,"IFSC Climbing Worldcup (L,S) - Villars (SUI) 2018",2018-07-06,2018-07-07,2018,15,leonardo,gontero,ITA,NA
1053,"IFSC Climbing Worldcup (L,S) - Villars (SUI) 2018",2018-07-06,2018-07-07,2018,16,lev,rudatskiy,RUS,NA
1050,"IFSC Climbing Worldcup (B,S) - Tai'an (CHN) 2018",2018-05-12,2018-05-13,2018,1,bassa,mawem,FRA,NA
1050,"IFSC Climbing Worldcup (B,S) - Tai'an (CHN) 2018",2018-05-12,2018-05-13,2018,2,sabri,sabri,INA,NA
1050,"IFSC Climbing Worldcup (B,S) - Tai'an (CHN) 2018",2018-05-12,2018-05-13,2018,3,dmitrii,timofeev,RUS,NA
1050,"IFSC Climbing Worldcup (B,S) - Tai'an (CHN) 2018",2018-05-12,2018-05-13,2018,4,aspar,aspar,INA,NA
1050,"IFSC Climbing Worldcup (B,S) - Tai'an (CHN) 2018",2018-05-12,2018-05-13,2018,5,stanislav,kokorin,RUS,NA
1050,"IFSC Climbing Worldcup (B,S) - Tai'an (CHN) 2018",2018-05-12,2018-05-13,2018,6,alfian,muhammad fajri,INA,NA
1050,"IFSC Climbing Worldcup (B,S) - Tai'an (CHN) 2018",2018-05-12,2018-05-13,2018,7,danyil,boldyrev,UKR,NA
1050,"IFSC Climbing Worldcup (B,S) - Tai'an (CHN) 2018",2018-05-12,2018-05-13,2018,8,hinayah,muhammad,INA,NA
1050,"IFSC Climbing Worldcup (B,S) - Tai'an (CHN) 2018",2018-05-12,2018-05-13,2018,9,aleksandr,shikov,RUS,NA
1050,"IFSC Climbing Worldcup (B,S) - Tai'an (CHN) 2018",2018-05-12,2018-05-13,2018,10,aleksandr,shilov,RUS,NA
1050,"IFSC Climbing Worldcup (B,S) - Tai'an (CHN) 2018",2018-05-12,2018-05-13,2018,11,sufriyanto,rindi,INA,NA
1050,"IFSC Climbing Worldcup (B,S) - Tai'an (CHN) 2018",2018-05-12,2018-05-13,2018,12,penghui,lin,CHN,NA
1050,"IFSC Climbing Worldcup (B,S) - Tai'an (CHN) 2018",2018-05-12,2018-05-13,2018,13,john,brosler,USA,NA
1050,"IFSC Climbing Worldcup (B,S) - Tai'an (CHN) 2018",2018-05-12,2018-05-13,2018,14,pangeran,septo wibowo siburian,INA,NA
1050,"IFSC Climbing Worldcup (B,S) - Tai'an (CHN) 2018",2018-05-12,2018-05-13,2018,15,ludovico,fossali,ITA,NA
1050,"IFSC Climbing Worldcup (B,S) - Tai'an (CHN) 2018",2018-05-12,2018-05-13,2018,16,arsenii,bogomolov,RUS,NA
1049,"IFSC Climbing Worldcup (B,S) - Chongqing (CHN) 2018",2018-05-05,2018-05-06,2018,1,dmitrii,timofeev,RUS,NA
1049,"IFSC Climbing Worldcup (B,S) - Chongqing (CHN) 2018",2018-05-05,2018-05-06,2018,2,aspar,aspar,INA,NA
1049,"IFSC Climbing Worldcup (B,S) - Chongqing (CHN) 2018",2018-05-05,2018-05-06,2018,3,danyil,boldyrev,UKR,NA
1049,"IFSC Climbing Worldcup (B,S) - Chongqing (CHN) 2018",2018-05-05,2018-05-06,2018,4,jinxin,li,CHN,NA
1049,"IFSC Climbing Worldcup (B,S) - Chongqing (CHN) 2018",2018-05-05,2018-05-06,2018,5,bassa,mawem,FRA,NA
1049,"IFSC Climbing Worldcup (B,S) - Chongqing (CHN) 2018",2018-05-05,2018-05-06,2018,6,aleksandr,shikov,RUS,NA
1049,"IFSC Climbing Worldcup (B,S) - Chongqing (CHN) 2018",2018-05-05,2018-05-06,2018,7,reza,alipour shenazandifard,IRI,NA
1049,"IFSC Climbing Worldcup (B,S) - Chongqing (CHN) 2018",2018-05-05,2018-05-06,2018,8,stanislav,kokorin,RUS,NA
1049,"IFSC Climbing Worldcup (B,S) - Chongqing (CHN) 2018",2018-05-05,2018-05-06,2018,9,hinayah,muhammad,INA,NA
1049,"IFSC Climbing Worldcup (B,S) - Chongqing (CHN) 2018",2018-05-05,2018-05-06,2018,10,ludovico,fossali,ITA,NA
1049,"IFSC Climbing Worldcup (B,S) - Chongqing (CHN) 2018",2018-05-05,2018-05-06,2018,10,aleksandr,shilov,RUS,NA
1049,"IFSC Climbing Worldcup (B,S) - Chongqing (CHN) 2018",2018-05-05,2018-05-06,2018,12,penghui,lin,CHN,NA
1049,"IFSC Climbing Worldcup (B,S) - Chongqing (CHN) 2018",2018-05-05,2018-05-06,2018,13,sabri,sabri,INA,NA
1049,"IFSC Climbing Worldcup (B,S) - Chongqing (CHN) 2018",2018-05-05,2018-05-06,2018,14,arsenii,bogomolov,RUS,NA
1049,"IFSC Climbing Worldcup (B,S) - Chongqing (CHN) 2018",2018-05-05,2018-05-06,2018,15,pangeran,septo wibowo siburian,INA,NA
1049,"IFSC Climbing Worldcup (B,S) - Chongqing (CHN) 2018",2018-05-05,2018-05-06,2018,16,vladislav,deulin,RUS,NA
1048,"IFSC Climbing Worldcup (B,S) - Moscow (RUS) 2018",2018-04-21,2018-04-22,2018,1,reza,alipour shenazandifard,IRI,NA
1048,"IFSC Climbing Worldcup (B,S) - Moscow (RUS) 2018",2018-04-21,2018-04-22,2018,2,vladislav,deulin,RUS,NA
1048,"IFSC Climbing Worldcup (B,S) - Moscow (RUS) 2018",2018-04-21,2018-04-22,2018,3,veddriq,leonardo,INA,NA
1048,"IFSC Climbing Worldcup (B,S) - Moscow (RUS) 2018",2018-04-21,2018-04-22,2018,4,hinayah,muhammad,INA,NA
1048,"IFSC Climbing Worldcup (B,S) - Moscow (RUS) 2018",2018-04-21,2018-04-22,2018,5,jan,kriz,CZE,NA
1048,"IFSC Climbing Worldcup (B,S) - Moscow (RUS) 2018",2018-04-21,2018-04-22,2018,6,ludovico,fossali,ITA,NA
1048,"IFSC Climbing Worldcup (B,S) - Moscow (RUS) 2018",2018-04-21,2018-04-22,2018,7,sabri,sabri,INA,NA
1048,"IFSC Climbing Worldcup (B,S) - Moscow (RUS) 2018",2018-04-21,2018-04-22,2018,8,leonardo,gontero,ITA,NA
1048,"IFSC Climbing Worldcup (B,S) - Moscow (RUS) 2018",2018-04-21,2018-04-22,2018,9,pangeran,septo wibowo siburian,INA,NA
1048,"IFSC Climbing Worldcup (B,S) - Moscow (RUS) 2018",2018-04-21,2018-04-22,2018,10,alessandro,santoni,ITA,NA
1048,"IFSC Climbing Worldcup (B,S) - Moscow (RUS) 2018",2018-04-21,2018-04-22,2018,11,stanislav,kokorin,RUS,NA
1048,"IFSC Climbing Worldcup (B,S) - Moscow (RUS) 2018",2018-04-21,2018-04-22,2018,12,jinxin,li,CHN,NA
1048,"IFSC Climbing Worldcup (B,S) - Moscow (RUS) 2018",2018-04-21,2018-04-22,2018,13,aspar,aspar,INA,NA
1048,"IFSC Climbing Worldcup (B,S) - Moscow (RUS) 2018",2018-04-21,2018-04-22,2018,14,aleksandr,shikov,RUS,NA
1048,"IFSC Climbing Worldcup (B,S) - Moscow (RUS) 2018",2018-04-21,2018-04-22,2018,15,dmitrii,timofeev,RUS,NA
1048,"IFSC Climbing Worldcup (B,S) - Moscow (RUS) 2018",2018-04-21,2018-04-22,2018,16,amir,maimuratov,KAZ,NA
1124,"IFSC Climbing Worldcup (L, S) - Xiamen (CHN) 2019",2019-10-18,2019-10-20,2019,1,qixin,zhong,CHN,NA
1124,"IFSC Climbing Worldcup (L, S) - Xiamen (CHN) 2019",2019-10-18,2019-10-20,2019,2,lev,rudatskiy,RUS,NA
1124,"IFSC Climbing Worldcup (L, S) - Xiamen (CHN) 2019",2019-10-18,2019-10-20,2019,3,vladislav,deulin,RUS,NA
1124,"IFSC Climbing Worldcup (L, S) - Xiamen (CHN) 2019",2019-10-18,2019-10-20,2019,4,sergei,rukin,RUS,NA
1124,"IFSC Climbing Worldcup (L, S) - Xiamen (CHN) 2019",2019-10-18,2019-10-20,2019,5,bassa,mawem,FRA,NA
1124,"IFSC Climbing Worldcup (L, S) - Xiamen (CHN) 2019",2019-10-18,2019-10-20,2019,6,reza,alipour shenazandifard,IRI,NA
1124,"IFSC Climbing Worldcup (L, S) - Xiamen (CHN) 2019",2019-10-18,2019-10-20,2019,7,dmitrii,timofeev,RUS,NA
1124,"IFSC Climbing Worldcup (L, S) - Xiamen (CHN) 2019",2019-10-18,2019-10-20,2019,8,alfian,muhammad fajri,INA,NA
1124,"IFSC Climbing Worldcup (L, S) - Xiamen (CHN) 2019",2019-10-18,2019-10-20,2019,9,seungbeom,lee,KOR,NA
1124,"IFSC Climbing Worldcup (L, S) - Xiamen (CHN) 2019",2019-10-18,2019-10-20,2019,10,jinbao,long,CHN,NA
1124,"IFSC Climbing Worldcup (L, S) - Xiamen (CHN) 2019",2019-10-18,2019-10-20,2019,11,penghui,lin,CHN,NA
1124,"IFSC Climbing Worldcup (L, S) - Xiamen (CHN) 2019",2019-10-18,2019-10-20,2019,12,aleksandr,shikov,RUS,NA
1124,"IFSC Climbing Worldcup (L, S) - Xiamen (CHN) 2019",2019-10-18,2019-10-20,2019,13,rishat,khaibullin,KAZ,NA
1124,"IFSC Climbing Worldcup (L, S) - Xiamen (CHN) 2019",2019-10-18,2019-10-20,2019,14,pierre,rebreyend,FRA,NA
1124,"IFSC Climbing Worldcup (L, S) - Xiamen (CHN) 2019",2019-10-18,2019-10-20,2019,15,fatchur,roji,INA,NA
1124,"IFSC Climbing Worldcup (L, S) - Xiamen (CHN) 2019",2019-10-18,2019-10-20,2019,16,aleksandr,shilov,RUS,NA
1121,IFSC Climbing World Championships - Hachioji (JPN) 2019,2019-08-11,2019-08-21,2019,1,ludovico,fossali,ITA,NA
1121,IFSC Climbing World Championships - Hachioji (JPN) 2019,2019-08-11,2019-08-21,2019,2,jan,kriz,CZE,NA
1121,IFSC Climbing World Championships - Hachioji (JPN) 2019,2019-08-11,2019-08-21,2019,3,stanislav,kokorin,RUS,NA
1121,IFSC Climbing World Championships - Hachioji (JPN) 2019,2019-08-11,2019-08-21,2019,4,danyil,boldyrev,UKR,NA
1121,IFSC Climbing World Championships - Hachioji (JPN) 2019,2019-08-11,2019-08-21,2019,5,kostiantyn,pavlenko,UKR,NA
1121,IFSC Climbing World Championships - Hachioji (JPN) 2019,2019-08-11,2019-08-21,2019,6,reza,alipour shenazandifard,IRI,NA
1121,IFSC Climbing World Championships - Hachioji (JPN) 2019,2019-08-11,2019-08-21,2019,7,rishat,khaibullin,KAZ,NA
1121,IFSC Climbing World Championships - Hachioji (JPN) 2019,2019-08-11,2019-08-21,2019,8,qixin,zhong,CHN,NA
1121,IFSC Climbing World Championships - Hachioji (JPN) 2019,2019-08-11,2019-08-21,2019,9,vladislav,deulin,RUS,NA
1121,IFSC Climbing World Championships - Hachioji (JPN) 2019,2019-08-11,2019-08-21,2019,10,zhiyong,ou,CHN,NA
1121,IFSC Climbing World Championships - Hachioji (JPN) 2019,2019-08-11,2019-08-21,2019,11,dmitrii,timofeev,RUS,NA
1121,IFSC Climbing World Championships - Hachioji (JPN) 2019,2019-08-11,2019-08-21,2019,12,long,cao,CHN,NA
1121,IFSC Climbing World Championships - Hachioji (JPN) 2019,2019-08-11,2019-08-21,2019,13,bassa,mawem,FRA,NA
1121,IFSC Climbing World Championships - Hachioji (JPN) 2019,2019-08-11,2019-08-21,2019,14,john,brosler,USA,NA
1121,IFSC Climbing World Championships - Hachioji (JPN) 2019,2019-08-11,2019-08-21,2019,15,amir,maimuratov,KAZ,NA
1121,IFSC Climbing World Championships - Hachioji (JPN) 2019,2019-08-11,2019-08-21,2019,16,sergei,rukin,RUS,NA
1119,"IFSC Climbing Worldcup (L, S) - Chamonix (FRA) 2019",2019-07-11,2019-07-13,2019,1,alfian,muhammad fajri,INA,NA
1119,"IFSC Climbing Worldcup (L, S) - Chamonix (FRA) 2019",2019-07-11,2019-07-13,2019,2,qixin,zhong,CHN,NA
1119,"IFSC Climbing Worldcup (L, S) - Chamonix (FRA) 2019",2019-07-11,2019-07-13,2019,3,vladislav,deulin,RUS,NA
1119,"IFSC Climbing Worldcup (L, S) - Chamonix (FRA) 2019",2019-07-11,2019-07-13,2019,4,danyil,boldyrev,UKR,NA
1119,"IFSC Climbing Worldcup (L, S) - Chamonix (FRA) 2019",2019-07-11,2019-07-13,2019,5,marcin,dzienski,POL,NA
1119,"IFSC Climbing Worldcup (L, S) - Chamonix (FRA) 2019",2019-07-11,2019-07-13,2019,6,sergei,rukin,RUS,NA
1119,"IFSC Climbing Worldcup (L, S) - Chamonix (FRA) 2019",2019-07-11,2019-07-13,2019,7,bassa,mawem,FRA,NA
1119,"IFSC Climbing Worldcup (L, S) - Chamonix (FRA) 2019",2019-07-11,2019-07-13,2019,8,john,brosler,USA,NA
1119,"IFSC Climbing Worldcup (L, S) - Chamonix (FRA) 2019",2019-07-11,2019-07-13,2019,9,aspar,aspar,INA,NA
1119,"IFSC Climbing Worldcup (L, S) - Chamonix (FRA) 2019",2019-07-11,2019-07-13,2019,10,seungbeom,lee,KOR,NA
1119,"IFSC Climbing Worldcup (L, S) - Chamonix (FRA) 2019",2019-07-11,2019-07-13,2019,11,kostiantyn,pavlenko,UKR,NA
1119,"IFSC Climbing Worldcup (L, S) - Chamonix (FRA) 2019",2019-07-11,2019-07-13,2019,12,stanislav,kokorin,RUS,NA
1119,"IFSC Climbing Worldcup (L, S) - Chamonix (FRA) 2019",2019-07-11,2019-07-13,2019,13,long,cao,CHN,NA
1119,"IFSC Climbing Worldcup (L, S) - Chamonix (FRA) 2019",2019-07-11,2019-07-13,2019,14,aleksandr,shikov,RUS,NA
1119,"IFSC Climbing Worldcup (L, S) - Chamonix (FRA) 2019",2019-07-11,2019-07-13,2019,15,aleksandr,shilov,RUS,NA
1119,"IFSC Climbing Worldcup (L, S) - Chamonix (FRA) 2019",2019-07-11,2019-07-13,2019,16,dmitrii,timofeev,RUS,NA
1118,"IFSC Climbing Worldcup (L, S) - Villars (SUI) 2019",2019-07-04,2019-07-06,2019,1,aleksandr,shikov,RUS,NA
1118,"IFSC Climbing Worldcup (L, S) - Villars (SUI) 2019",2019-07-04,2019-07-06,2019,2,dmitrii,timofeev,RUS,NA
1118,"IFSC Climbing Worldcup (L, S) - Villars (SUI) 2019",2019-07-04,2019-07-06,2019,3,jan,kriz,CZE,NA
1118,"IFSC Climbing Worldcup (L, S) - Villars (SUI) 2019",2019-07-04,2019-07-06,2019,4,bassa,mawem,FRA,NA
1118,"IFSC Climbing Worldcup (L, S) - Villars (SUI) 2019",2019-07-04,2019-07-06,2019,5,vladislav,deulin,RUS,NA
1118,"IFSC Climbing Worldcup (L, S) - Villars (SUI) 2019",2019-07-04,2019-07-06,2019,6,danyil,boldyrev,UKR,NA
1118,"IFSC Climbing Worldcup (L, S) - Villars (SUI) 2019",2019-07-04,2019-07-06,2019,7,reza,alipour shenazandifard,IRI,NA
1118,"IFSC Climbing Worldcup (L, S) - Villars (SUI) 2019",2019-07-04,2019-07-06,2019,8,qixin,zhong,CHN,NA
1118,"IFSC Climbing Worldcup (L, S) - Villars (SUI) 2019",2019-07-04,2019-07-06,2019,9,ludovico,fossali,ITA,NA
1118,"IFSC Climbing Worldcup (L, S) - Villars (SUI) 2019",2019-07-04,2019-07-06,2019,10,lev,rudatskiy,RUS,NA
1118,"IFSC Climbing Worldcup (L, S) - Villars (SUI) 2019",2019-07-04,2019-07-06,2019,11,jinbao,long,CHN,NA
1118,"IFSC Climbing Worldcup (L, S) - Villars (SUI) 2019",2019-07-04,2019-07-06,2019,12,long,cao,CHN,NA
1118,"IFSC Climbing Worldcup (L, S) - Villars (SUI) 2019",2019-07-04,2019-07-06,2019,13,aleksandr,shilov,RUS,NA
1118,"IFSC Climbing Worldcup (L, S) - Villars (SUI) 2019",2019-07-04,2019-07-06,2019,14,rishat,khaibullin,KAZ,NA
1118,"IFSC Climbing Worldcup (L, S) - Villars (SUI) 2019",2019-07-04,2019-07-06,2019,15,seungbeom,lee,KOR,NA
1118,"IFSC Climbing Worldcup (L, S) - Villars (SUI) 2019",2019-07-04,2019-07-06,2019,16,sergei,rukin,RUS,NA
1115,"IFSC Climbing Worldcup (B,S) - Wujiang (CHN) 2019",2019-05-03,2019-05-05,2019,1,dmitrii,timofeev,RUS,NA
1115,"IFSC Climbing Worldcup (B,S) - Wujiang (CHN) 2019",2019-05-03,2019-05-05,2019,2,bassa,mawem,FRA,NA
1115,"IFSC Climbing Worldcup (B,S) - Wujiang (CHN) 2019",2019-05-03,2019-05-05,2019,3,ludovico,fossali,ITA,NA
1115,"IFSC Climbing Worldcup (B,S) - Wujiang (CHN) 2019",2019-05-03,2019-05-05,2019,4,reza,alipour shenazandifard,IRI,NA
1115,"IFSC Climbing Worldcup (B,S) - Wujiang (CHN) 2019",2019-05-03,2019-05-05,2019,5,vladislav,deulin,RUS,NA
1115,"IFSC Climbing Worldcup (B,S) - Wujiang (CHN) 2019",2019-05-03,2019-05-05,2019,6,kostiantyn,pavlenko,UKR,NA
1115,"IFSC Climbing Worldcup (B,S) - Wujiang (CHN) 2019",2019-05-03,2019-05-05,2019,7,jan,kriz,CZE,NA
1115,"IFSC Climbing Worldcup (B,S) - Wujiang (CHN) 2019",2019-05-03,2019-05-05,2019,8,zhixing,chen,CHN,NA
1115,"IFSC Climbing Worldcup (B,S) - Wujiang (CHN) 2019",2019-05-03,2019-05-05,2019,9,fatchur,roji,INA,NA
1115,"IFSC Climbing Worldcup (B,S) - Wujiang (CHN) 2019",2019-05-03,2019-05-05,2019,10,alfian,muhammad fajri,INA,NA
1115,"IFSC Climbing Worldcup (B,S) - Wujiang (CHN) 2019",2019-05-03,2019-05-05,2019,11,penghui,lin,CHN,NA
1115,"IFSC Climbing Worldcup (B,S) - Wujiang (CHN) 2019",2019-05-03,2019-05-05,2019,12,arsenii,bogomolov,RUS,NA
1115,"IFSC Climbing Worldcup (B,S) - Wujiang (CHN) 2019",2019-05-03,2019-05-05,2019,13,marcin,dzienski,POL,NA
1115,"IFSC Climbing Worldcup (B,S) - Wujiang (CHN) 2019",2019-05-03,2019-05-05,2019,14,aleksandr,shilov,RUS,NA
1115,"IFSC Climbing Worldcup (B,S) - Wujiang (CHN) 2019",2019-05-03,2019-05-05,2019,15,aspar,aspar,INA,NA
1115,"IFSC Climbing Worldcup (B,S) - Wujiang (CHN) 2019",2019-05-03,2019-05-05,2019,16,zhiyong,ou,CHN,NA
1114,"IFSC Climbing Worldcup (B,S) - Chongqing (CHN) 2019",2019-04-26,2019-04-28,2019,1,alfian,muhammad fajri,INA,NA
1114,"IFSC Climbing Worldcup (B,S) - Chongqing (CHN) 2019",2019-04-26,2019-04-28,2019,2,kostiantyn,pavlenko,UKR,NA
1114,"IFSC Climbing Worldcup (B,S) - Chongqing (CHN) 2019",2019-04-26,2019-04-28,2019,3,sergei,rukin,RUS,NA
1114,"IFSC Climbing Worldcup (B,S) - Chongqing (CHN) 2019",2019-04-26,2019-04-28,2019,4,qixin,zhong,CHN,NA
1114,"IFSC Climbing Worldcup (B,S) - Chongqing (CHN) 2019",2019-04-26,2019-04-28,2019,5,reza,alipour shenazandifard,IRI,NA
1114,"IFSC Climbing Worldcup (B,S) - Chongqing (CHN) 2019",2019-04-26,2019-04-28,2019,6,nikolai,iarilovets,RUS,NA
1114,"IFSC Climbing Worldcup (B,S) - Chongqing (CHN) 2019",2019-04-26,2019-04-28,2019,7,zhiyong,ou,CHN,NA
1114,"IFSC Climbing Worldcup (B,S) - Chongqing (CHN) 2019",2019-04-26,2019-04-28,2019,8,fatchur,roji,INA,NA
1114,"IFSC Climbing Worldcup (B,S) - Chongqing (CHN) 2019",2019-04-26,2019-04-28,2019,9,marcin,dzienski,POL,NA
1114,"IFSC Climbing Worldcup (B,S) - Chongqing (CHN) 2019",2019-04-26,2019-04-28,2019,10,jinbao,long,CHN,NA
1114,"IFSC Climbing Worldcup (B,S) - Chongqing (CHN) 2019",2019-04-26,2019-04-28,2019,11,aspar,aspar,INA,NA
1114,"IFSC Climbing Worldcup (B,S) - Chongqing (CHN) 2019",2019-04-26,2019-04-28,2019,12,aleksandr,shilov,RUS,NA
1114,"IFSC Climbing Worldcup (B,S) - Chongqing (CHN) 2019",2019-04-26,2019-04-28,2019,13,zhixing,chen,CHN,NA
1114,"IFSC Climbing Worldcup (B,S) - Chongqing (CHN) 2019",2019-04-26,2019-04-28,2019,14,vladislav,deulin,RUS,NA
1114,"IFSC Climbing Worldcup (B,S) - Chongqing (CHN) 2019",2019-04-26,2019-04-28,2019,15,bassa,mawem,FRA,NA
1114,"IFSC Climbing Worldcup (B,S) - Chongqing (CHN) 2019",2019-04-26,2019-04-28,2019,16,dmitrii,timofeev,RUS,NA
1113,"IFSC Climbing Worldcup (B,S) - Moscow (RUS) 2019",2019-04-12,2019-04-14,2019,1,bassa,mawem,FRA,NA
1113,"IFSC Climbing Worldcup (B,S) - Moscow (RUS) 2019",2019-04-12,2019-04-14,2019,2,vladislav,deulin,RUS,NA
1113,"IFSC Climbing Worldcup (B,S) - Moscow (RUS) 2019",2019-04-12,2019-04-14,2019,3,aspar,aspar,INA,NA
1113,"IFSC Climbing Worldcup (B,S) - Moscow (RUS) 2019",2019-04-12,2019-04-14,2019,4,long,cao,CHN,NA
1113,"IFSC Climbing Worldcup (B,S) - Moscow (RUS) 2019",2019-04-12,2019-04-14,2019,5,aleksandr,shikov,RUS,NA
1113,"IFSC Climbing Worldcup (B,S) - Moscow (RUS) 2019",2019-04-12,2019-04-14,2019,6,sergei,rukin,RUS,NA
1113,"IFSC Climbing Worldcup (B,S) - Moscow (RUS) 2019",2019-04-12,2019-04-14,2019,7,reza,alipour shenazandifard,IRI,NA
1113,"IFSC Climbing Worldcup (B,S) - Moscow (RUS) 2019",2019-04-12,2019-04-14,2019,8,dmitrii,timofeev,RUS,NA
1113,"IFSC Climbing Worldcup (B,S) - Moscow (RUS) 2019",2019-04-12,2019-04-14,2019,9,aleksandr,shilov,RUS,NA
1113,"IFSC Climbing Worldcup (B,S) - Moscow (RUS) 2019",2019-04-12,2019-04-14,2019,10,stanislav,kokorin,RUS,NA
1113,"IFSC Climbing Worldcup (B,S) - Moscow (RUS) 2019",2019-04-12,2019-04-14,2019,11,amir,maimuratov,KAZ,NA
1113,"IFSC Climbing Worldcup (B,S) - Moscow (RUS) 2019",2019-04-12,2019-04-14,2019,12,gian luca,zodda,ITA,NA
1113,"IFSC Climbing Worldcup (B,S) - Moscow (RUS) 2019",2019-04-12,2019-04-14,2019,13,georgy,artamonov,RUS,NA
1113,"IFSC Climbing Worldcup (B,S) - Moscow (RUS) 2019",2019-04-12,2019-04-14,2019,14,ludovico,fossali,ITA,NA
1113,"IFSC Climbing Worldcup (B,S) - Moscow (RUS) 2019",2019-04-12,2019-04-14,2019,15,jan,kriz,CZE,NA
1113,"IFSC Climbing Worldcup (B,S) - Moscow (RUS) 2019",2019-04-12,2019-04-14,2019,16,lev,rudatskiy,RUS,NA
1166,"IFSC Europe - Continental Championships (B,S,L,C) - Moscow (RUS) 2020",2020-11-21,2020-11-29,2020,1,danyil,boldyrev,UKR,NA
1166,"IFSC Europe - Continental Championships (B,S,L,C) - Moscow (RUS) 2020",2020-11-21,2020-11-29,2020,2,lev,rudatskiy,RUS,NA
1166,"IFSC Europe - Continental Championships (B,S,L,C) - Moscow (RUS) 2020",2020-11-21,2020-11-29,2020,3,marcin,dzienski,POL,NA
1166,"IFSC Europe - Continental Championships (B,S,L,C) - Moscow (RUS) 2020",2020-11-21,2020-11-29,2020,4,vladislav,deulin,RUS,NA
1166,"IFSC Europe - Continental Championships (B,S,L,C) - Moscow (RUS) 2020",2020-11-21,2020-11-29,2020,5,yaroslav,tkach,UKR,NA
1166,"IFSC Europe - Continental Championships (B,S,L,C) - Moscow (RUS) 2020",2020-11-21,2020-11-29,2020,6,sergei,luzhetskii,RUS,NA
1166,"IFSC Europe - Continental Championships (B,S,L,C) - Moscow (RUS) 2020",2020-11-21,2020-11-29,2020,7,dmitrii,timofeev,RUS,NA
1166,"IFSC Europe - Continental Championships (B,S,L,C) - Moscow (RUS) 2020",2020-11-21,2020-11-29,2020,8,aleksandr,shikov,RUS,NA
1166,"IFSC Europe - Continental Championships (B,S,L,C) - Moscow (RUS) 2020",2020-11-21,2020-11-29,2020,9,jan,kriz,CZE,NA
1166,"IFSC Europe - Continental Championships (B,S,L,C) - Moscow (RUS) 2020",2020-11-21,2020-11-29,2020,10,bohdan,botnar,UKR,NA
1166,"IFSC Europe - Continental Championships (B,S,L,C) - Moscow (RUS) 2020",2020-11-21,2020-11-29,2020,11,nikolai,iarilovets,RUS,NA
1166,"IFSC Europe - Continental Championships (B,S,L,C) - Moscow (RUS) 2020",2020-11-21,2020-11-29,2020,12,sascha,lehmann,SUI,NA
1166,"IFSC Europe - Continental Championships (B,S,L,C) - Moscow (RUS) 2020",2020-11-21,2020-11-29,2020,13,nicolas,collin,BEL,NA
1166,"IFSC Europe - Continental Championships (B,S,L,C) - Moscow (RUS) 2020",2020-11-21,2020-11-29,2020,14,william,bosi,GBR,NA
1166,"IFSC Europe - Continental Championships (B,S,L,C) - Moscow (RUS) 2020",2020-11-21,2020-11-29,2020,15,nimrod,marcus,ISR,NA
1166,"IFSC Europe - Continental Championships (B,S,L,C) - Moscow (RUS) 2020",2020-11-21,2020-11-29,2020,16,geva,levin,ISR,NA
1185,"IFSC - Climbing World Championships (B,L,S) - Moscow 2021",2021-09-16,2021-09-21,2021,1,danyil,boldyrev,UKR,NA
1185,"IFSC - Climbing World Championships (B,L,S) - Moscow 2021",2021-09-16,2021-09-21,2021,2,erik,noya cardona,ESP,NA
1185,"IFSC - Climbing World Championships (B,L,S) - Moscow 2021",2021-09-16,2021-09-21,2021,3,noah,bratschi,USA,NA
1185,"IFSC - Climbing World Championships (B,L,S) - Moscow 2021",2021-09-16,2021-09-21,2021,4,guillaume,moro,FRA,NA
1185,"IFSC - Climbing World Championships (B,L,S) - Moscow 2021",2021-09-16,2021-09-21,2021,5,tobias,plangger,AUT,NA
1185,"IFSC - Climbing World Championships (B,L,S) - Moscow 2021",2021-09-16,2021-09-21,2021,6,john,brosler,USA,NA
1185,"IFSC - Climbing World Championships (B,L,S) - Moscow 2021",2021-09-16,2021-09-21,2021,7,rishat,khaibullin,KAZ,NA
1185,"IFSC - Climbing World Championships (B,L,S) - Moscow 2021",2021-09-16,2021-09-21,2021,8,vladislav,deulin,CFR,NA
1185,"IFSC - Climbing World Championships (B,L,S) - Moscow 2021",2021-09-16,2021-09-21,2021,9,reza,alipour shenazandifard,IRI,NA
1185,"IFSC - Climbing World Championships (B,L,S) - Moscow 2021",2021-09-16,2021-09-21,2021,10,marcin,dzienski,POL,NA
1185,"IFSC - Climbing World Championships (B,L,S) - Moscow 2021",2021-09-16,2021-09-21,2021,11,gian luca,zodda,ITA,NA
1185,"IFSC - Climbing World Championships (B,L,S) - Moscow 2021",2021-09-16,2021-09-21,2021,12,amir,maimuratov,KAZ,NA
1185,"IFSC - Climbing World Championships (B,L,S) - Moscow 2021",2021-09-16,2021-09-21,2021,13,arsenii,bogomolov,CFR,NA
1185,"IFSC - Climbing World Championships (B,L,S) - Moscow 2021",2021-09-16,2021-09-21,2021,14,pierre,rebreyend,FRA,NA
1185,"IFSC - Climbing World Championships (B,L,S) - Moscow 2021",2021-09-16,2021-09-21,2021,15,dmitrii,timofeev,CFR,NA
1185,"IFSC - Climbing World Championships (B,L,S) - Moscow 2021",2021-09-16,2021-09-21,2021,16,aleksandr,shikov,CFR,NA
1194,"IFSC - Climbing World Cup (L,S) - Villars (SUI) 2021",2021-07-01,2021-07-03,2021,1,veddriq,leonardo,INA,NA
1194,"IFSC - Climbing World Cup (L,S) - Villars (SUI) 2021",2021-07-01,2021-07-03,2021,2,dmitrii,timofeev,RUS,NA
1194,"IFSC - Climbing World Cup (L,S) - Villars (SUI) 2021",2021-07-01,2021-07-03,2021,3,kiromal,katibin,INA,NA
1194,"IFSC - Climbing World Cup (L,S) - Villars (SUI) 2021",2021-07-01,2021-07-03,2021,4,vladislav,deulin,RUS,NA
1194,"IFSC - Climbing World Cup (L,S) - Villars (SUI) 2021",2021-07-01,2021-07-03,2021,5,mehdi,alipour shenazandifard,IRI,NA
1194,"IFSC - Climbing World Cup (L,S) - Villars (SUI) 2021",2021-07-01,2021-07-03,2021,6,aleksandr,shikov,RUS,NA
1194,"IFSC - Climbing World Cup (L,S) - Villars (SUI) 2021",2021-07-01,2021-07-03,2021,7,alfian,muhammad fajri,INA,NA
1194,"IFSC - Climbing World Cup (L,S) - Villars (SUI) 2021",2021-07-01,2021-07-03,2021,8,rishat,khaibullin,KAZ,NA
1194,"IFSC - Climbing World Cup (L,S) - Villars (SUI) 2021",2021-07-01,2021-07-03,2021,9,aspar,aspar,INA,NA
1194,"IFSC - Climbing World Cup (L,S) - Villars (SUI) 2021",2021-07-01,2021-07-03,2021,10,sergei,rukin,RUS,NA
1194,"IFSC - Climbing World Cup (L,S) - Villars (SUI) 2021",2021-07-01,2021-07-03,2021,11,marcin,dzienski,POL,NA
1194,"IFSC - Climbing World Cup (L,S) - Villars (SUI) 2021",2021-07-01,2021-07-03,2021,12,reza,alipour shenazandifard,IRI,NA
1194,"IFSC - Climbing World Cup (L,S) - Villars (SUI) 2021",2021-07-01,2021-07-03,2021,13,john,brosler,USA,NA
1194,"IFSC - Climbing World Cup (L,S) - Villars (SUI) 2021",2021-07-01,2021-07-03,2021,14,noah,bratschi,USA,NA
1194,"IFSC - Climbing World Cup (L,S) - Villars (SUI) 2021",2021-07-01,2021-07-03,2021,15,lev,rudatskiy,RUS,NA
1194,"IFSC - Climbing World Cup (L,S) - Villars (SUI) 2021",2021-07-01,2021-07-03,2021,16,gian luca,zodda,ITA,NA
1192,"IFSC - Climbing World Cup (B,S) - Salt Lake City (USA) 2021",2021-05-28,2021-05-30,2021,1,veddriq,leonardo,INA,NA
1192,"IFSC - Climbing World Cup (B,S) - Salt Lake City (USA) 2021",2021-05-28,2021-05-30,2021,2,kiromal,katibin,INA,NA
1192,"IFSC - Climbing World Cup (B,S) - Salt Lake City (USA) 2021",2021-05-28,2021-05-30,2021,3,marcin,dzienski,POL,NA
1192,"IFSC - Climbing World Cup (B,S) - Salt Lake City (USA) 2021",2021-05-28,2021-05-30,2021,4,john,brosler,USA,NA
1192,"IFSC - Climbing World Cup (B,S) - Salt Lake City (USA) 2021",2021-05-28,2021-05-30,2021,5,merritt,ernsberger,USA,NA
1192,"IFSC - Climbing World Cup (B,S) - Salt Lake City (USA) 2021",2021-05-28,2021-05-30,2021,6,jun,yasukawa,JPN,NA
1192,"IFSC - Climbing World Cup (B,S) - Salt Lake City (USA) 2021",2021-05-28,2021-05-30,2021,7,pierre,rebreyend,FRA,NA
1192,"IFSC - Climbing World Cup (B,S) - Salt Lake City (USA) 2021",2021-05-28,2021-05-30,2021,8,yaroslav,tkach,UKR,NA
1192,"IFSC - Climbing World Cup (B,S) - Salt Lake City (USA) 2021",2021-05-28,2021-05-30,2021,9,ludovico,fossali,ITA,NA
1192,"IFSC - Climbing World Cup (B,S) - Salt Lake City (USA) 2021",2021-05-28,2021-05-30,2021,10,guillaume,moro,FRA,NA
1192,"IFSC - Climbing World Cup (B,S) - Salt Lake City (USA) 2021",2021-05-28,2021-05-30,2021,11,mickael,mawem,FRA,NA
1192,"IFSC - Climbing World Cup (B,S) - Salt Lake City (USA) 2021",2021-05-28,2021-05-30,2021,12,michael,finn-henry,USA,NA
1192,"IFSC - Climbing World Cup (B,S) - Salt Lake City (USA) 2021",2021-05-28,2021-05-30,2021,13,gian luca,zodda,ITA,NA
1192,"IFSC - Climbing World Cup (B,S) - Salt Lake City (USA) 2021",2021-05-28,2021-05-30,2021,14,kostiantyn,pavlenko,UKR,NA
1192,"IFSC - Climbing World Cup (B,S) - Salt Lake City (USA) 2021",2021-05-28,2021-05-30,2021,15,carlos,granja,ECU,NA
1192,"IFSC - Climbing World Cup (B,S) - Salt Lake City (USA) 2021",2021-05-28,2021-05-30,2021,16,linus,bader,GER,NA
1243,"IFSC - Climbing World Cup (L,S) - Jakarta (INA) 2022",2022-09-24,2022-09-26,2022,1,aspar,aspar,INA,NA
1243,"IFSC - Climbing World Cup (L,S) - Jakarta (INA) 2022",2022-09-24,2022-09-26,2022,2,kiromal,katibin,INA,NA
1243,"IFSC - Climbing World Cup (L,S) - Jakarta (INA) 2022",2022-09-24,2022-09-26,2022,3,long,cao,CHN,NA
1243,"IFSC - Climbing World Cup (L,S) - Jakarta (INA) 2022",2022-09-24,2022-09-26,2022,4,jinbao,long,CHN,NA
1243,"IFSC - Climbing World Cup (L,S) - Jakarta (INA) 2022",2022-09-24,2022-09-26,2022,5,veddriq,leonardo,INA,NA
1243,"IFSC - Climbing World Cup (L,S) - Jakarta (INA) 2022",2022-09-24,2022-09-26,2022,6,raharjati,nursamsa,INA,NA
1243,"IFSC - Climbing World Cup (L,S) - Jakarta (INA) 2022",2022-09-24,2022-09-26,2022,7,samuel,watson,USA,NA
1243,"IFSC - Climbing World Cup (L,S) - Jakarta (INA) 2022",2022-09-24,2022-09-26,2022,8,seungbeom,lee,KOR,NA
1243,"IFSC - Climbing World Cup (L,S) - Jakarta (INA) 2022",2022-09-24,2022-09-26,2022,9,jianguo,long,CHN,NA
1243,"IFSC - Climbing World Cup (L,S) - Jakarta (INA) 2022",2022-09-24,2022-09-26,2022,10,euncheol,shin,KOR,NA
1243,"IFSC - Climbing World Cup (L,S) - Jakarta (INA) 2022",2022-09-24,2022-09-26,2022,11,aditya,tri syahria,INA,NA
1243,"IFSC - Climbing World Cup (L,S) - Jakarta (INA) 2022",2022-09-24,2022-09-26,2022,12,erik,noya cardona,ESP,NA
1243,"IFSC - Climbing World Cup (L,S) - Jakarta (INA) 2022",2022-09-24,2022-09-26,2022,13,rahmad,adi mulyono,INA,NA
1243,"IFSC - Climbing World Cup (L,S) - Jakarta (INA) 2022",2022-09-24,2022-09-26,2022,14,noah,bratschi,USA,NA
1243,"IFSC - Climbing World Cup (L,S) - Jakarta (INA) 2022",2022-09-24,2022-09-26,2022,15,guillaume,moro,FRA,NA
1243,"IFSC - Climbing World Cup (L,S) - Jakarta (INA) 2022",2022-09-24,2022-09-26,2022,16,jun,yasukawa,JPN,NA
1288,"IFSC - Climbing World Cup (L,S) - Edinburgh (GBR) 2022",2022-09-09,2022-09-11,2022,1,samuel,watson,USA,NA
1288,"IFSC - Climbing World Cup (L,S) - Edinburgh (GBR) 2022",2022-09-09,2022-09-11,2022,2,jinbao,long,CHN,NA
1288,"IFSC - Climbing World Cup (L,S) - Edinburgh (GBR) 2022",2022-09-09,2022-09-11,2022,3,erik,noya cardona,ESP,NA
1288,"IFSC - Climbing World Cup (L,S) - Edinburgh (GBR) 2022",2022-09-09,2022-09-11,2022,4,gian luca,zodda,ITA,NA
1288,"IFSC - Climbing World Cup (L,S) - Edinburgh (GBR) 2022",2022-09-09,2022-09-11,2022,5,jianguo,long,CHN,NA
1288,"IFSC - Climbing World Cup (L,S) - Edinburgh (GBR) 2022",2022-09-09,2022-09-11,2022,6,rishat,khaibullin,KAZ,NA
1288,"IFSC - Climbing World Cup (L,S) - Edinburgh (GBR) 2022",2022-09-09,2022-09-11,2022,7,john,brosler,USA,NA
1288,"IFSC - Climbing World Cup (L,S) - Edinburgh (GBR) 2022",2022-09-09,2022-09-11,2022,8,yongjun,jung,KOR,NA
1288,"IFSC - Climbing World Cup (L,S) - Edinburgh (GBR) 2022",2022-09-09,2022-09-11,2022,9,guillaume,moro,FRA,NA
1288,"IFSC - Climbing World Cup (L,S) - Edinburgh (GBR) 2022",2022-09-09,2022-09-11,2022,10,ryo,omasa,JPN,NA
1288,"IFSC - Climbing World Cup (L,S) - Edinburgh (GBR) 2022",2022-09-09,2022-09-11,2022,11,ethan,pitcher,CAN,NA
1288,"IFSC - Climbing World Cup (L,S) - Edinburgh (GBR) 2022",2022-09-09,2022-09-11,2022,12,noah,bratschi,USA,NA
1288,"IFSC - Climbing World Cup (L,S) - Edinburgh (GBR) 2022",2022-09-09,2022-09-11,2022,13,richard,li,USA,NA
1288,"IFSC - Climbing World Cup (L,S) - Edinburgh (GBR) 2022",2022-09-09,2022-09-11,2022,14,leander,carmanns,GER,NA
1288,"IFSC - Climbing World Cup (L,S) - Edinburgh (GBR) 2022",2022-09-09,2022-09-11,2022,15,lukas,knapp,AUT,NA
1288,"IFSC - Climbing World Cup (L,S) - Edinburgh (GBR) 2022",2022-09-09,2022-09-11,2022,16,joe,goodacre,USA,NA
1240,"IFSC - Climbing World Cup (L,S) - Chamonix (FRA) 2022",2022-07-08,2022-07-10,2022,1,jinbao,long,CHN,NA
1240,"IFSC - Climbing World Cup (L,S) - Chamonix (FRA) 2022",2022-07-08,2022-07-10,2022,2,erik,noya cardona,ESP,NA
1240,"IFSC - Climbing World Cup (L,S) - Chamonix (FRA) 2022",2022-07-08,2022-07-10,2022,3,aspar,aspar,INA,NA
1240,"IFSC - Climbing World Cup (L,S) - Chamonix (FRA) 2022",2022-07-08,2022-07-10,2022,4,veddriq,leonardo,INA,NA
1240,"IFSC - Climbing World Cup (L,S) - Chamonix (FRA) 2022",2022-07-08,2022-07-10,2022,5,liang,zhang,CHN,NA
1240,"IFSC - Climbing World Cup (L,S) - Chamonix (FRA) 2022",2022-07-08,2022-07-10,2022,6,long,cao,CHN,NA
1240,"IFSC - Climbing World Cup (L,S) - Chamonix (FRA) 2022",2022-07-08,2022-07-10,2022,7,jianguo,long,CHN,NA
1240,"IFSC - Climbing World Cup (L,S) - Chamonix (FRA) 2022",2022-07-08,2022-07-10,2022,8,alfian,muhammad fajri,INA,NA
1240,"IFSC - Climbing World Cup (L,S) - Chamonix (FRA) 2022",2022-07-08,2022-07-10,2022,9,kiromal,katibin,INA,NA
1240,"IFSC - Climbing World Cup (L,S) - Chamonix (FRA) 2022",2022-07-08,2022-07-10,2022,10,reza,alipour shenazandifard,IRI,NA
1240,"IFSC - Climbing World Cup (L,S) - Chamonix (FRA) 2022",2022-07-08,2022-07-10,2022,11,john,brosler,USA,NA
1240,"IFSC - Climbing World Cup (L,S) - Chamonix (FRA) 2022",2022-07-08,2022-07-10,2022,12,zaenal,aripin,INA,NA
1240,"IFSC - Climbing World Cup (L,S) - Chamonix (FRA) 2022",2022-07-08,2022-07-10,2022,13,amir,maimuratov,KAZ,NA
1240,"IFSC - Climbing World Cup (L,S) - Chamonix (FRA) 2022",2022-07-08,2022-07-10,2022,14,noah,bratschi,USA,NA
1240,"IFSC - Climbing World Cup (L,S) - Chamonix (FRA) 2022",2022-07-08,2022-07-10,2022,15,ludovico,fossali,ITA,NA
1240,"IFSC - Climbing World Cup (L,S) - Chamonix (FRA) 2022",2022-07-08,2022-07-10,2022,16,ryo,omasa,JPN,NA
1239,"IFSC - Climbing World Cup (L,S) - Villars (SUI) 2022",2022-06-30,2022-07-02,2022,1,jianguo,long,CHN,NA
1239,"IFSC - Climbing World Cup (L,S) - Villars (SUI) 2022",2022-06-30,2022-07-02,2022,2,peng,wu,CHN,NA
1239,"IFSC - Climbing World Cup (L,S) - Villars (SUI) 2022",2022-06-30,2022-07-02,2022,3,jinbao,long,CHN,NA
1239,"IFSC - Climbing World Cup (L,S) - Villars (SUI) 2022",2022-06-30,2022-07-02,2022,4,veddriq,leonardo,INA,NA
1239,"IFSC - Climbing World Cup (L,S) - Villars (SUI) 2022",2022-06-30,2022-07-02,2022,5,kiromal,katibin,INA,NA
1239,"IFSC - Climbing World Cup (L,S) - Villars (SUI) 2022",2022-06-30,2022-07-02,2022,6,long,cao,CHN,NA
1239,"IFSC - Climbing World Cup (L,S) - Villars (SUI) 2022",2022-06-30,2022-07-02,2022,7,john,brosler,USA,NA
1239,"IFSC - Climbing World Cup (L,S) - Villars (SUI) 2022",2022-06-30,2022-07-02,2022,8,guillaume,moro,FRA,NA
1239,"IFSC - Climbing World Cup (L,S) - Villars (SUI) 2022",2022-06-30,2022-07-02,2022,9,reza,alipour shenazandifard,IRI,NA
1239,"IFSC - Climbing World Cup (L,S) - Villars (SUI) 2022",2022-06-30,2022-07-02,2022,10,alfian,muhammad fajri,INA,NA
1239,"IFSC - Climbing World Cup (L,S) - Villars (SUI) 2022",2022-06-30,2022-07-02,2022,11,rahmad,adi mulyono,INA,NA
1239,"IFSC - Climbing World Cup (L,S) - Villars (SUI) 2022",2022-06-30,2022-07-02,2022,12,ludovico,fossali,ITA,NA
1239,"IFSC - Climbing World Cup (L,S) - Villars (SUI) 2022",2022-06-30,2022-07-02,2022,13,erik,noya cardona,ESP,NA
1239,"IFSC - Climbing World Cup (L,S) - Villars (SUI) 2022",2022-06-30,2022-07-02,2022,14,marcin,dzienski,POL,NA
1239,"IFSC - Climbing World Cup (L,S) - Villars (SUI) 2022",2022-06-30,2022-07-02,2022,15,zaenal,aripin,INA,NA
1239,"IFSC - Climbing World Cup (L,S) - Villars (SUI) 2022",2022-06-30,2022-07-02,2022,16,samuel,watson,USA,NA
1237,"IFSC - Climbing World Cup (B,S) - Salt Lake City (USA) 2022",2022-05-27,2022-05-29,2022,1,veddriq,leonardo,INA,NA
1237,"IFSC - Climbing World Cup (B,S) - Salt Lake City (USA) 2022",2022-05-27,2022-05-29,2022,2,tobias,plangger,AUT,NA
1237,"IFSC - Climbing World Cup (B,S) - Salt Lake City (USA) 2022",2022-05-27,2022-05-29,2022,3,ludovico,fossali,ITA,NA
1237,"IFSC - Climbing World Cup (B,S) - Salt Lake City (USA) 2022",2022-05-27,2022-05-29,2022,4,marcin,dzienski,POL,NA
1237,"IFSC - Climbing World Cup (B,S) - Salt Lake City (USA) 2022",2022-05-27,2022-05-29,2022,5,kiromal,katibin,INA,NA
1237,"IFSC - Climbing World Cup (B,S) - Salt Lake City (USA) 2022",2022-05-27,2022-05-29,2022,6,john,brosler,USA,NA
1237,"IFSC - Climbing World Cup (B,S) - Salt Lake City (USA) 2022",2022-05-27,2022-05-29,2022,7,erik,noya cardona,ESP,NA
1237,"IFSC - Climbing World Cup (B,S) - Salt Lake City (USA) 2022",2022-05-27,2022-05-29,2022,8,samuel,watson,USA,NA
1237,"IFSC - Climbing World Cup (B,S) - Salt Lake City (USA) 2022",2022-05-27,2022-05-29,2022,9,euncheol,shin,KOR,NA
1237,"IFSC - Climbing World Cup (B,S) - Salt Lake City (USA) 2022",2022-05-27,2022-05-29,2022,10,yongjun,jung,KOR,NA
1237,"IFSC - Climbing World Cup (B,S) - Salt Lake City (USA) 2022",2022-05-27,2022-05-29,2022,11,seungbeom,lee,KOR,NA
1237,"IFSC - Climbing World Cup (B,S) - Salt Lake City (USA) 2022",2022-05-27,2022-05-29,2022,12,guillaume,moro,FRA,NA
1237,"IFSC - Climbing World Cup (B,S) - Salt Lake City (USA) 2022",2022-05-27,2022-05-29,2022,13,amir,maimuratov,KAZ,NA
1237,"IFSC - Climbing World Cup (B,S) - Salt Lake City (USA) 2022",2022-05-27,2022-05-29,2022,14,pierre,rebreyend,FRA,NA
1237,"IFSC - Climbing World Cup (B,S) - Salt Lake City (USA) 2022",2022-05-27,2022-05-29,2022,15,ethan,pitcher,CAN,NA
1237,"IFSC - Climbing World Cup (B,S) - Salt Lake City (USA) 2022",2022-05-27,2022-05-29,2022,16,sebastian,lucke,GER,NA
1236,"IFSC - Climbing World Cup (B,S) - Salt Lake City (USA) 2022",2022-05-20,2022-05-22,2022,1,kiromal,katibin,INA,NA
1236,"IFSC - Climbing World Cup (B,S) - Salt Lake City (USA) 2022",2022-05-20,2022-05-22,2022,2,noah,bratschi,USA,NA
1236,"IFSC - Climbing World Cup (B,S) - Salt Lake City (USA) 2022",2022-05-20,2022-05-22,2022,3,veddriq,leonardo,INA,NA
1236,"IFSC - Climbing World Cup (B,S) - Salt Lake City (USA) 2022",2022-05-20,2022-05-22,2022,4,ludovico,fossali,ITA,NA
1236,"IFSC - Climbing World Cup (B,S) - Salt Lake City (USA) 2022",2022-05-20,2022-05-22,2022,5,john,brosler,USA,NA
1236,"IFSC - Climbing World Cup (B,S) - Salt Lake City (USA) 2022",2022-05-20,2022-05-22,2022,6,amir,maimuratov,KAZ,NA
1236,"IFSC - Climbing World Cup (B,S) - Salt Lake City (USA) 2022",2022-05-20,2022-05-22,2022,7,carlos,granja,ECU,NA
1236,"IFSC - Climbing World Cup (B,S) - Salt Lake City (USA) 2022",2022-05-20,2022-05-22,2022,8,samuel,watson,USA,NA
1236,"IFSC - Climbing World Cup (B,S) - Salt Lake City (USA) 2022",2022-05-20,2022-05-22,2022,9,erik,noya cardona,ESP,NA
1236,"IFSC - Climbing World Cup (B,S) - Salt Lake City (USA) 2022",2022-05-20,2022-05-22,2022,10,marcin,dzienski,POL,NA
1236,"IFSC - Climbing World Cup (B,S) - Salt Lake City (USA) 2022",2022-05-20,2022-05-22,2022,11,guillaume,moro,FRA,NA
1236,"IFSC - Climbing World Cup (B,S) - Salt Lake City (USA) 2022",2022-05-20,2022-05-22,2022,12,merritt,ernsberger,USA,NA
1236,"IFSC - Climbing World Cup (B,S) - Salt Lake City (USA) 2022",2022-05-20,2022-05-22,2022,13,pierre,rebreyend,FRA,NA
1236,"IFSC - Climbing World Cup (B,S) - Salt Lake City (USA) 2022",2022-05-20,2022-05-22,2022,14,ethan,pitcher,CAN,NA
1236,"IFSC - Climbing World Cup (B,S) - Salt Lake City (USA) 2022",2022-05-20,2022-05-22,2022,15,gian luca,zodda,ITA,NA
1236,"IFSC - Climbing World Cup (B,S) - Salt Lake City (USA) 2022",2022-05-20,2022-05-22,2022,16,quinn,o'francia,USA,NA
1235,"IFSC - Climbing World Cup (B,S) - Seoul (KOR) 2022",2022-05-06,2022-05-08,2022,1,veddriq,leonardo,INA,NA
1235,"IFSC - Climbing World Cup (B,S) - Seoul (KOR) 2022",2022-05-06,2022-05-08,2022,2,kiromal,katibin,INA,NA
1235,"IFSC - Climbing World Cup (B,S) - Seoul (KOR) 2022",2022-05-06,2022-05-08,2022,3,rahmad,adi mulyono,INA,NA
1235,"IFSC - Climbing World Cup (B,S) - Seoul (KOR) 2022",2022-05-06,2022-05-08,2022,4,ludovico,fossali,ITA,NA
1235,"IFSC - Climbing World Cup (B,S) - Seoul (KOR) 2022",2022-05-06,2022-05-08,2022,5,zaenal,aripin,INA,NA
1235,"IFSC - Climbing World Cup (B,S) - Seoul (KOR) 2022",2022-05-06,2022-05-08,2022,6,seung beom,lee,KOR,NA
1235,"IFSC - Climbing World Cup (B,S) - Seoul (KOR) 2022",2022-05-06,2022-05-08,2022,7,guillaume,moro,FRA,NA
1235,"IFSC - Climbing World Cup (B,S) - Seoul (KOR) 2022",2022-05-06,2022-05-08,2022,8,tobias,plangger,AUT,NA
1235,"IFSC - Climbing World Cup (B,S) - Seoul (KOR) 2022",2022-05-06,2022-05-08,2022,9,reza,alipour shenazandifard,IRI,NA
1235,"IFSC - Climbing World Cup (B,S) - Seoul (KOR) 2022",2022-05-06,2022-05-08,2022,10,aspar,aspar,INA,NA
1235,"IFSC - Climbing World Cup (B,S) - Seoul (KOR) 2022",2022-05-06,2022-05-08,2022,11,erik,noya cardona,ESP,NA
1235,"IFSC - Climbing World Cup (B,S) - Seoul (KOR) 2022",2022-05-06,2022-05-08,2022,12,alfian,muhammad fajri,INA,NA
1235,"IFSC - Climbing World Cup (B,S) - Seoul (KOR) 2022",2022-05-06,2022-05-08,2022,13,yongjun,jung,KOR,NA
1235,"IFSC - Climbing World Cup (B,S) - Seoul (KOR) 2022",2022-05-06,2022-05-08,2022,14,raharjati,nursamsa,INA,NA
1235,"IFSC - Climbing World Cup (B,S) - Seoul (KOR) 2022",2022-05-06,2022-05-08,2022,15,pierre,rebreyend,FRA,NA
1235,"IFSC - Climbing World Cup (B,S) - Seoul (KOR) 2022",2022-05-06,2022-05-08,2022,16,samuel,watson,USA,NA
